filename,number,number,asd
hefei_3188.jpg,9575.9,9575.9,0
hefei_3190.jpg,19652,19652,0
hefei_3191.jpg,2262.7,2262.7,0
hefei_3192.jpg,5702,5702,0
hefei_3194.jpg,2566,2566,0
hefei_3195.jpg,7509.7,7509.7,0
hefei_3196.jpg,272.3,272.3,0
hefei_3198.jpg,18304.5,18304.5,0
hefei_3200.jpg,5981.5,5981.5,0
hefei_3205.jpg,12545.8,12545.8,0
hefei_3209.jpg,5546.7,5546.7,0
hefei_3217.jpg,6325.9,6325.9,0
hefei_3218.jpg,9041.2,9041.2,0
hefei_3220.jpg,10293.4,10293.4,0
hefei_3221.jpg,4135.3,4135.3,0
hefei_3225.jpg,12040.2,12040.2,0
hefei_3229.jpg,3073.9,3073.9,0
hefei_3232.jpg,5030.2,5030.2,0
hefei_3233.jpg,3158.3,3158.3,0
hefei_3237.jpg,13346.2,13346.2,0
hefei_3238.jpg,13486.6,13486.6,0
hefei_3241.jpg,2041.1,2041.1,0
hefei_3244.jpg,10815.5,10815.5,0
hefei_3246.jpg,2782.1,2782.1,0
hefei_3249.jpg,3149.6,3149.6,0
hefei_3253.jpg,7614.4,7614.4,0
hefei_3254.jpg,13000.6,13000.6,0
hefei_3256.jpg,2333.9,2333.9,0
hefei_3260.jpg,8610.6,8610.6,0
hefei_3268.jpg,11168.9,11168.9,0
hefei_3269.jpg,3631.9,3631.9,0
hefei_3270.jpg,8454.4,8454.4,0
hefei_3274.jpg,6320.5,6320.5,0
hefei_3276.jpg,7315.9,7315.9,0
hefei_3277.jpg,12845.8,12845.8,0
hefei_3278.jpg,6133.3,6133.3,0
hefei_3281.jpg,18881.8,18881.8,0
hefei_3282.jpg,4307.6,4307.6,0
hefei_3284.jpg,12301.1,12301.1,0
hefei_3285.jpg,6754.9,6754.9,0
hefei_3289.jpg,13514.6,13514.6,0
hefei_3290.jpg,5073.2,5073.2,0
hefei_3294.jpg,9908.3,9908.3,0
hefei_3297.jpg,7449.2,7449.2,0
hefei_3304.jpg,3143.8,3143.8,0
hefei_3306.jpg,6685.6,6685.6,0
hefei_3314.jpg,2863.3,2863.3,0
hefei_3316.jpg,7166.3,7166.3,0
hefei_3317.jpg,21974.3,21974.3,0
hefei_3325.jpg,6379.1,6379.1,0
hefei_3326.jpg,3575.3,3575.3,0
hefei_3329.jpg,5996.2,5996.2,0
hefei_3332.jpg,13968.9,13968.9,0
hefei_3333.jpg,7174.1,7174.1,0
hefei_3336.jpg,10131.8,10131.8,0
hefei_3337.jpg,4208.2,4208.2,0
hefei_3341.jpg,7621.5,7621.5,0
hefei_3344.jpg,2726.1,2726.1,0
hefei_3345.jpg,3252.2,3252.2,0
hefei_3346.jpg,9075.4,9075.4,0
hefei_3348.jpg,6165.1,6165.1,0
hefei_3349.jpg,2827.8,2827.8,0
hefei_3350.jpg,3582,3582,0
hefei_3352.jpg,5276.3,5276.3,0
hefei_3353.jpg,8215.8,8215.8,0
hefei_3354.jpg,19995.5,19995.5,0
hefei_3357.jpg,19317.1,19317.1,0
hefei_3360.jpg,7478.3,7478.3,0
hefei_3362.jpg,6351.3,6351.3,0
hefei_3364.jpg,2384.6,2384.6,0
hefei_3370.jpg,3327.2,3327.2,0
hefei_3373.jpg,10278.2,10278.2,0
hefei_3374.jpg,8344.9,8344.9,0
hefei_3378.jpg,2653.2,2653.2,0
hefei_3381.jpg,2721.9,2721.9,0
hefei_3382.jpg,11540.9,11540.9,0
hefei_3385.jpg,15517.7,15517.7,0
hefei_3388.jpg,2040.3,2040.3,0
hefei_3394.jpg,8707.2,8707.2,0
hefei_3398.jpg,8568.9,8568.9,0
hefei_3399.jpg,2257.2,2257.2,0
hefei_3402.jpg,6794.2,6794.2,0
hefei_3408.jpg,7467.1,7467.1,0
hefei_3410.jpg,2125.3,2125.3,0
hefei_3416.jpg,10311.2,10311.2,0
hefei_3422.jpg,7158.5,7158.5,0
hefei_3424.jpg,8687.5,8687.5,0
hefei_3426.jpg,20432.3,20432.3,0
hefei_3431.jpg,12110.9,12110.9,0
hefei_3432.jpg,8615.6,8615.6,0
hefei_3435.jpg,3256,3256,0
hefei_3438.jpg,782.4,782.4,0
hefei_3443.jpg,8123.3,8123.3,0
hefei_3444.jpg,2493.6,2493.6,0
hefei_3447.jpg,6104.2,6104.2,0
hefei_3448.jpg,3459.9,3459.9,0
hefei_3452.jpg,11726.2,11726.2,0
hefei_3454.jpg,18233.9,18233.9,0
hefei_3458.jpg,5784.4,5784.4,0
hefei_3460.jpg,5748.9,5748.9,0
hefei_3462.jpg,2289.4,2289.4,0
hefei_3467.jpg,2058.8,2058.8,0
hefei_3468.jpg,8853.7,8853.7,0
hefei_3470.jpg,8267.2,8267.2,0
hefei_3471.jpg,2063.6,2063.6,0
hefei_3472.jpg,1976.3,1976.3,0
hefei_3476.jpg,10997.5,10997.5,0
hefei_3478.jpg,3235.7,3235.7,0
hefei_3479.jpg,4995.2,4995.2,0
hefei_3480.jpg,7543.5,7543.5,0
hefei_3482.jpg,9529.3,9529.3,0
hefei_3483.jpg,3236.4,3236.4,0
hefei_3486.jpg,12439.2,12439.2,0
hefei_3487.jpg,7194.1,7194.1,0
hefei_3488.jpg,2874.4,2874.4,0
hefei_3492.jpg,2146.8,2146.8,0
hefei_3495.jpg,7532.6,7532.6,0
hefei_3497.jpg,6796.6,6796.6,0
hefei_3499.jpg,3828,3828,0
hefei_3500.jpg,6788.3,6788.3,0
hefei_3501.jpg,18076.3,18076.3,0
hefei_3507.jpg,7453,7453,0
hefei_3508.jpg,2435.5,2435.5,0
hefei_3509.jpg,6312,6312,0
hefei_3513.jpg,6602.3,6602.3,0
hefei_3519.jpg,7223.2,7223.2,0
hefei_3520.jpg,3964.3,3964.3,0
hefei_3524.jpg,11293.8,11293.8,0
hefei_3529.jpg,2640.5,2640.5,0
hefei_3531.jpg,731.3,731.3,0
hefei_3535.jpg,12384.3,12384.3,0
hefei_3537.jpg,3578.3,3578.3,0
hefei_3539.jpg,13993.5,13993.5,0
hefei_3545.jpg,3358.2,3358.2,0
hefei_3549.jpg,680.8,680.8,0
hefei_3551.jpg,12951.3,12951.3,0
hefei_3552.jpg,6195.6,6195.6,0
hefei_3555.jpg,2113.4,2113.4,0
hefei_3559.jpg,11446.9,11446.9,0
hefei_3565.jpg,8278.8,8278.8,0
hefei_3568.jpg,2472.8,2472.8,0
hefei_3571.jpg,23964.3,23964.3,0
hefei_3572.jpg,703.9,703.9,0
hefei_3573.jpg,961.5,961.5,0
hefei_3575.jpg,8494.7,8494.7,0
hefei_3576.jpg,14572.8,14572.8,0
hefei_3580.jpg,12067.2,12067.2,0
hefei_3581.jpg,6287.3,6287.3,0
hefei_3583.jpg,13807.6,13807.6,0
hefei_3584.jpg,8708.2,8708.2,0
hefei_3588.jpg,2626.7,2626.7,0
hefei_3589.jpg,7426.6,7426.6,0
hefei_3592.jpg,15072.8,15072.8,0
hefei_3596.jpg,2160.8,2160.8,0
hefei_3597.jpg,11668.6,11668.6,0
hefei_3601.jpg,3265.8,3265.8,0
hefei_3603.jpg,8127.8,8127.8,0
hefei_3604.jpg,15237.6,15237.6,0
hefei_3605.jpg,5721.5,5721.5,0
hefei_3607.jpg,3337.4,3337.4,0
hefei_3612.jpg,7508,7508,0
hefei_3613.jpg,927.9,927.9,0
hefei_3615.jpg,17921,17921,0
hefei_3616.jpg,9232,9232,0
hefei_3617.jpg,3165.2,3165.2,0
hefei_3619.jpg,6273.1,6273.1,0
hefei_3627.jpg,9102.5,9102.5,0
hefei_3629.jpg,6742.8,6742.8,0
hefei_3635.jpg,3646.8,3646.8,0
hefei_3648.jpg,7545.4,7545.4,0
hefei_3649.jpg,6856.6,6856.6,0
hefei_3652.jpg,3032.2,3032.2,0
hefei_3653.jpg,6167.2,6167.2,0
hefei_3657.jpg,2598.5,2598.5,0
hefei_3663.jpg,3493.1,3493.1,0
hefei_3664.jpg,939.2,939.2,0
hefei_3665.jpg,5827.1,5827.1,0
hefei_3669.jpg,6835.8,6835.8,0
hefei_3672.jpg,4846.6,4846.6,0
hefei_3675.jpg,10812.8,10812.8,0
hefei_3679.jpg,3586.1,3586.1,0
hefei_3684.jpg,893.1,893.1,0
hefei_3687.jpg,11728.4,11728.4,0
hefei_3688.jpg,6053.7,6053.7,0
hefei_3691.jpg,14617.8,14617.8,0
hefei_3692.jpg,3436.3,3436.3,0
hefei_3693.jpg,12088.3,12088.3,0
hefei_3699.jpg,2858.1,2858.1,0
hefei_3701.jpg,5078.5,5078.5,0
hefei_3707.jpg,7026.5,7026.5,0
hefei_3712.jpg,7707,7707,0
hefei_3723.jpg,8793.5,8793.5,0
hefei_3725.jpg,5043.4,5043.4,0
hefei_3727.jpg,10068.7,10068.7,0
hefei_3729.jpg,14478.7,14478.7,0
hefei_3731.jpg,12278.6,12278.6,0
hefei_3733.jpg,11523,11523,0
hefei_3739.jpg,7309.2,7309.2,0
hefei_3740.jpg,7410.5,7410.5,0
hefei_3741.jpg,2513.5,2513.5,0
hefei_3745.jpg,11569.2,11569.2,0
hefei_3747.jpg,878.5,878.5,0
hefei_3751.jpg,6550.5,6550.5,0
hefei_3760.jpg,26199.9,26199.9,0
hefei_3761.jpg,3377.9,3377.9,0
hefei_3763.jpg,15558.7,15558.7,0
hefei_3765.jpg,7091.5,7091.5,0
hefei_3772.jpg,3888.6,3888.6,0
hefei_3773.jpg,5882.2,5882.2,0
hefei_3779.jpg,13949.9,13949.9,0
hefei_3781.jpg,12493.9,12493.9,0
hefei_3788.jpg,5347.2,5347.2,0
hefei_3796.jpg,7212.4,7212.4,0
hefei_3799.jpg,8249.8,8249.8,0
hefei_3812.jpg,7735.5,7735.5,0
hefei_3817.jpg,2909.9,2909.9,0
hefei_3819.jpg,11626.9,11626.9,0
hefei_3820.jpg,13899,13899,0
hefei_3821.jpg,6536.9,6536.9,0
hefei_3824.jpg,7163.3,7163.3,0
hefei_3827.jpg,8435.6,8435.6,0
hefei_3828.jpg,1817.8,1817.8,0
hefei_3831.jpg,5719.8,5719.8,0
hefei_3833.jpg,2062.6,2062.6,0
hefei_3836.jpg,4858.2,4858.2,0
hefei_3837.jpg,19032.6,19032.6,0
hefei_3838.jpg,2300.9,2300.9,0
hefei_3840.jpg,9703.7,9703.7,0
hefei_3845.jpg,13633.3,13633.3,0
hefei_3854.jpg,6639.7,6639.7,0
hefei_3862.jpg,14308.6,14308.6,0
hefei_3872.jpg,3204.4,3204.4,0
hefei_3874.jpg,6985.2,6985.2,0
hefei_3878.jpg,6095.6,6095.6,0
hefei_3880.jpg,9602.3,9602.3,0
hefei_3888.jpg,3243.1,3243.1,0
hefei_3925.jpg,1414.9,1414.9,0
hefei_3928.jpg,3396,3396,0
hefei_3933.jpg,7714.2,7714.2,0
hefei_3936.jpg,11339.9,11339.9,0
hefei_3937.jpg,5962,5962,0
hefei_3940.jpg,7089.3,7089.3,0
hefei_3942.jpg,8266.8,8266.8,0
hefei_3949.jpg,6484.2,6484.2,0
hefei_3954.jpg,3421.6,3421.6,0
hefei_3956.jpg,8169.2,8169.2,0
hefei_3958.jpg,4460.3,4460.3,0
hefei_3961.jpg,20427.7,20427.7,0
hefei_3965.jpg,3702.2,3702.2,0
hefei_3977.jpg,11259.6,11259.6,0
hefei_3998.jpg,2288.3,2288.3,0
hefei_4004.jpg,6010.8,6010.8,0
hefei_4005.jpg,4425.8,4425.8,0
hefei_4009.jpg,592.6,592.6,0
hefei_4010.jpg,6480.4,6480.4,0
hefei_4012.jpg,1620.9,1620.9,0
hefei_4026.jpg,2859.7,2859.7,0
hefei_4030.jpg,9334.9,9334.9,0
hefei_4038.jpg,7817.9,7817.9,0
hefei_4042.jpg,7462.2,7462.2,0
hefei_4047.jpg,27521.7,27521.7,0
hefei_4062.jpg,7827.2,7827.2,0
hefei_4066.jpg,3158,3158,0
hefei_4071.jpg,6191.7,6191.7,0
hefei_4074.jpg,7180.4,7180.4,0
hefei_4075.jpg,7786.5,7786.5,0
hefei_4082.jpg,5158.2,5158.2,0
hefei_4097.jpg,6021.7,6021.7,0
hefei_4098.jpg,7120.5,7120.5,0
hefei_4101.jpg,2565.2,2565.2,0
hefei_4102.jpg,26225.6,26225.6,0
hefei_4105.jpg,8582.4,8582.4,0
hefei_4109.jpg,9362.1,9362.1,0
hefei_4110.jpg,3330,3330,0
hefei_4113.jpg,2555.7,2555.7,0
hefei_4115.jpg,1971,1971,0
hefei_4125.jpg,1758.6,1758.6,0
hefei_4131.jpg,4666.6,4666.6,0
hefei_4142.jpg,7849.9,7849.9,0
hefei_4145.jpg,13351.9,13351.9,0
hefei_4146.jpg,2368.2,2368.2,0
hefei_4149.jpg,5965.1,5965.1,0
hefei_4151.jpg,5127.3,5127.3,0
hefei_4154.jpg,4314,4314,0
hefei_4161.jpg,4393.6,4393.6,0
hefei_4162.jpg,5811.7,5811.7,0
hefei_4166.jpg,8805.3,8805.3,0
hefei_4178.jpg,9728,9728,0
hefei_4185.jpg,4086.1,4086.1,0
hefei_4189.jpg,1308.5,1308.5,0
hefei_4190.jpg,1247.6,1247.6,0
hefei_4191.jpg,6833.6,6833.6,0
hefei_4193.jpg,2675,2675,0
hefei_4195.jpg,1832.5,1832.5,0
hefei_4201.jpg,3469.3,3469.3,0
hefei_4202.jpg,5943.1,5943.1,0
hefei_4203.jpg,3412.1,3412.1,0
hefei_4209.jpg,5887.5,5887.5,0
hefei_4213.jpg,7785.8,7785.8,0
hefei_4215.jpg,8613.8,8613.8,0
hefei_4221.jpg,3570.5,3570.5,0
hefei_4226.jpg,4215,4215,0
hefei_4227.jpg,6043.4,6043.4,0
hefei_4231.jpg,9896.4,9896.4,0
hefei_4237.jpg,10189.5,10189.5,0
hefei_4245.jpg,6052.6,6052.6,0
hefei_4251.jpg,2085.1,2085.1,0
hefei_4262.jpg,10613,10613,0
hefei_4275.jpg,18593.7,18593.7,0
hefei_4279.jpg,3739.8,3739.8,0
hefei_4287.jpg,2570.8,2570.8,0
hefei_4288.jpg,5552.9,5552.9,0
hefei_4290.jpg,9427.8,9427.8,0
hefei_4291.jpg,3502.2,3502.2,0
hefei_4294.jpg,6218.3,6218.3,0
hefei_4299.jpg,4468.3,4468.3,0
hefei_4306.jpg,2570.8,2570.8,0
hefei_4328.jpg,6285.6,6285.6,0
hefei_4332.jpg,2807.1,2807.1,0
hefei_4340.jpg,6148.2,6148.2,0
hefei_4343.jpg,5135.3,5135.3,0
hefei_4346.jpg,5622.1,5622.1,0
hefei_4354.jpg,1274.5,1274.5,0
hefei_4359.jpg,3197.7,3197.7,0
hefei_4360.jpg,1530.8,1530.8,0
hefei_4363.jpg,10335.1,10335.1,0
hefei_4380.jpg,6380.8,6380.8,0
hefei_4384.jpg,3234.3,3234.3,0
hefei_4387.jpg,6708.3,6708.3,0
hefei_4399.jpg,2646.2,2646.2,0
hefei_4400.jpg,2551.6,2551.6,0
hefei_4423.jpg,7793.9,7793.9,0
hefei_4427.jpg,2516.3,2516.3,0
hefei_4441.jpg,3155.1,3155.1,0
hefei_4457.jpg,7490.3,7490.3,0
hefei_4471.jpg,8353,8353,0
hefei_4473.jpg,2179.5,2179.5,0
hefei_4477.jpg,2852.4,2852.4,0
hefei_4483.jpg,2993.2,2993.2,0
hefei_4488.jpg,16685.8,16685.8,0
hefei_4491.jpg,3895.6,3895.6,0
hefei_4492.jpg,4323.7,4323.7,0
hefei_4495.jpg,3402.2,3402.2,0
hefei_4496.jpg,2407.1,2407.1,0
hefei_4508.jpg,20618,20618,0
hefei_4516.jpg,2961.3,2961.3,0
hefei_4528.jpg,4044.4,4044.4,0
hefei_3717.jpg,19356.3,19356.2,0.1
hefei_4206.jpg,14558.3,14558.2,0.1
hefei_3334.jpg,7962.9,7962.8,0.1
hefei_3361.jpg,6930.4,6930.3,0.1
hefei_3420.jpg,7687.4,7687.3,0.1
hefei_3505.jpg,5342.2,5342.1,0.1
hefei_4338.jpg,6896.2,6896.1,0.1
hefei_4447.jpg,6022.9,6022.8,0.1
hefei_4493.jpg,5172.4,5172.3,0.1
hefei_3321.jpg,3156.5,3156.4,0.1
hefei_3386.jpg,3184.1,3184,0.1
hefei_3641.jpg,3567.2,3567.1,0.1
hefei_3721.jpg,3334.1,3334,0.1
hefei_3787.jpg,3552.6,3552.5,0.1
hefei_4181.jpg,2144.2,2144.1,0.1
hefei_4197.jpg,1715.3,1715.2,0.1
hefei_4342.jpg,3461.6,3461.5,0.1
hefei_4351.jpg,3277.2,3277.1,0.1
hefei_4395.jpg,2381.1,2381,0.1
hefei_3577.jpg,808.5,808.4,0.1
hefei_3293.jpg,1840.2,1840.1,0.1
hefei_3210.jpg,6402.1,6402,0.1
hefei_3288.jpg,7748.6,7748.5,0.1
hefei_3318.jpg,9537.5,9537.4,0.1
hefei_3322.jpg,14816.5,14816.4,0.1
hefei_3459.jpg,11970.2,11970.1,0.1
hefei_3523.jpg,12431.2,12431.1,0.1
hefei_3624.jpg,14290.1,14290,0.1
hefei_3643.jpg,2279.2,2279.3,0.1
hefei_3661.jpg,8667.1,8667,0.1
hefei_3705.jpg,6809.1,6809,0.1
hefei_3776.jpg,6093.1,6093,0.1
hefei_3804.jpg,10301.6,10301.5,0.1
hefei_3813.jpg,6226.5,6226.4,0.1
hefei_3850.jpg,15139.1,15139,0.1
hefei_3929.jpg,10321.2,10321.1,0.1
hefei_3968.jpg,3932.3,3932.2,0.1
hefei_4037.jpg,5869.1,5869,0.1
hefei_4218.jpg,15128.1,15128,0.1
hefei_4266.jpg,11068.9,11068.8,0.1
hefei_4366.jpg,10876.1,10876,0.1
hefei_4367.jpg,10139.5,10139.4,0.1
hefei_4396.jpg,5457.5,5457.6,0.1
hefei_4403.jpg,2425.3,2425.2,0.1
hefei_4420.jpg,5988.1,5988,0.1
hefei_4429.jpg,7602.1,7602,0.1
hefei_4503.jpg,6693.1,6693,0.1
hefei_3844.jpg,19415.3,19415.4,0.1
hefei_3258.jpg,12991.8,12991.6,0.2
hefei_3208.jpg,5598.5,5598.3,0.2
hefei_3390.jpg,5790.2,5790.4,0.2
hefei_3423.jpg,8078.2,8078,0.2
hefei_3677.jpg,7688.4,7688.2,0.2
hefei_3680.jpg,3229.2,3229,0.2
hefei_4014.jpg,6003.7,6003.9,0.2
hefei_4099.jpg,6058.3,6058.1,0.2
hefei_4165.jpg,2609.2,2609,0.2
hefei_4186.jpg,3705.2,3705,0.2
hefei_4234.jpg,5892.2,5892,0.2
hefei_4404.jpg,4595.2,4595,0.2
hefei_4529.jpg,5367.8,5367.6,0.2
hefei_3608.jpg,1813.4,1813.2,0.2
hefei_4270.jpg,1858.2,1858,0.2
hefei_4455.jpg,1912.5,1912.3,0.2
hefei_3415.jpg,2085.6,2085.8,0.2
hefei_3656.jpg,2312.4,2312.2,0.2
hefei_3890.jpg,2168.2,2168.4,0.2
hefei_4452.jpg,2170.2,2170.4,0.2
hefei_4515.jpg,3230.7,3230.9,0.2
hefei_3214.jpg,11290.6,11290.4,0.2
hefei_3640.jpg,14044.6,14044.4,0.2
hefei_3224.jpg,34897.6,34897.8,0.2
hefei_3298.jpg,32138.6,32138.3,0.3
hefei_3328.jpg,8412.3,8412,0.3
hefei_3407.jpg,7517.4,7517.1,0.3
hefei_3418.jpg,21591.3,21591.6,0.3
hefei_3620.jpg,14093.5,14093.2,0.3
hefei_3996.jpg,11534.2,11534.5,0.3
hefei_4147.jpg,9409.2,9409.5,0.3
hefei_4352.jpg,9832.5,9832.2,0.3
hefei_3252.jpg,3497.6,3497.3,0.3
hefei_3411.jpg,2432.6,2432.3,0.3
hefei_3442.jpg,2395.4,2395.7,0.3
hefei_3667.jpg,2592.7,2592.4,0.3
hefei_4391.jpg,2961.7,2961.4,0.3
hefei_3377.jpg,1170.3,1170,0.3
hefei_4419.jpg,1684.5,1684.8,0.3
hefei_4214.jpg,163.3,163.6,0.3
hefei_3242.jpg,6396.3,6396,0.3
hefei_3342.jpg,5095.3,5095,0.3
hefei_3484.jpg,3212.2,3212.5,0.3
hefei_3491.jpg,3055.4,3055.1,0.3
hefei_3623.jpg,8135.3,8135.6,0.3
hefei_3749.jpg,7765.4,7765.7,0.3
hefei_3974.jpg,5782.5,5782.2,0.3
hefei_4057.jpg,3335.5,3335.2,0.3
hefei_4063.jpg,6826.6,6826.3,0.3
hefei_4135.jpg,7764.3,7764.6,0.3
hefei_4153.jpg,6733.6,6733.3,0.3
hefei_4263.jpg,6828.5,6828.2,0.3
hefei_4476.jpg,6761.3,6761,0.3
hefei_3257.jpg,11496.3,11496.6,0.3
hefei_3308.jpg,9891.3,9891.6,0.3
hefei_3412.jpg,9858.3,9858.6,0.3
hefei_3532.jpg,16123.4,16123.7,0.3
hefei_3632.jpg,14197.3,14197.6,0.3
hefei_3683.jpg,12863.3,12863.6,0.3
hefei_3744.jpg,9431.3,9431.6,0.3
hefei_4207.jpg,8420.3,8420.6,0.3
hefei_3800.jpg,22746.4,22746.1,0.3
hefei_3228.jpg,10720.4,10720,0.4
hefei_3563.jpg,13725.4,13725,0.4
hefei_3645.jpg,6971.3,6971.7,0.4
hefei_3886.jpg,12355.4,12355,0.4
hefei_4029.jpg,7326.3,7326.7,0.4
hefei_4081.jpg,7568.4,7568,0.4
hefei_4330.jpg,6428.3,6428.7,0.4
hefei_3439.jpg,1092.8,1092.4,0.4
hefei_3633.jpg,608.4,608,0.4
hefei_3556.jpg,2921.5,2921.1,0.4
hefei_4002.jpg,3161.8,3161.4,0.4
hefei_4061.jpg,2181.6,2181.2,0.4
hefei_4398.jpg,3282.4,3282,0.4
hefei_4465.jpg,3398.4,3398,0.4
hefei_4505.jpg,3898.8,3898.4,0.4
hefei_4058.jpg,6015.8,6015.4,0.4
hefei_4141.jpg,5522.6,5522.2,0.4
hefei_4437.jpg,5812.8,5812.4,0.4
hefei_3780.jpg,33412.2,33412.6,0.4
hefei_4394.jpg,14852.3,14852.7,0.4
hefei_3204.jpg,6763.5,6763,0.5
hefei_3989.jpg,2232.5,2232,0.5
hefei_4032.jpg,6345.2,6345.7,0.5
hefei_4139.jpg,5109.5,5109,0.5
hefei_4256.jpg,4317.5,4317,0.5
hefei_4276.jpg,8469.3,8469.8,0.5
hefei_4292.jpg,7119.5,7119,0.5
hefei_4383.jpg,8422.5,8422,0.5
hefei_4433.jpg,6429.8,6429.3,0.5
hefei_4485.jpg,2945.5,2945,0.5
hefei_3543.jpg,6933.7,6933.1,0.6
hefei_3428.jpg,2115.6,2115,0.6
hefei_3593.jpg,2957.6,2957,0.6
hefei_3789.jpg,2335.6,2335,0.6
hefei_3846.jpg,1973.6,1973,0.6
hefei_3882.jpg,2866.6,2866,0.6
hefei_4021.jpg,2569.6,2569,0.6
hefei_3430.jpg,120.6,120,0.6
hefei_3829.jpg,8841.6,8841,0.6
hefei_4103.jpg,5289.6,5289,0.6
hefei_4312.jpg,4211.6,4211,0.6
hefei_3446.jpg,8669.8,8669.1,0.7
hefei_3310.jpg,6787.7,6787,0.7
hefei_3380.jpg,5912.7,5912,0.7
hefei_3511.jpg,5091.7,5091,0.7
hefei_3544.jpg,2993.7,2993,0.7
hefei_3676.jpg,7450.2,7450.9,0.7
hefei_3771.jpg,3609.7,3609,0.7
hefei_3783.jpg,6048.7,6048,0.7
hefei_3897.jpg,2610.7,2610,0.7
hefei_3982.jpg,3281.7,3281,0.7
hefei_4050.jpg,3657.7,3657,0.7
hefei_4241.jpg,6845.8,6845.1,0.7
hefei_4311.jpg,3953.7,3953,0.7
hefei_4413.jpg,1704.7,1704,0.7
hefei_3450.jpg,12234.7,12234,0.7
hefei_3579.jpg,13888.7,13888,0.7
hefei_3696.jpg,15745.7,15745,0.7
hefei_3300.jpg,10013.8,10013,0.8
hefei_3651.jpg,8329.8,8329,0.8
hefei_3785.jpg,14355.8,14355,0.8
hefei_4524.jpg,4219.1,4219.9,0.8
hefei_3265.jpg,6075.8,6075,0.8
hefei_3324.jpg,2378.8,2378,0.8
hefei_3595.jpg,4973.8,4973,0.8
hefei_3631.jpg,6429.8,6429,0.8
hefei_3644.jpg,2127.8,2127,0.8
hefei_3735.jpg,6138,6138.8,0.8
hefei_3894.jpg,2381.8,2381,0.8
hefei_4045.jpg,3421.8,3421,0.8
hefei_4069.jpg,4363.8,4363,0.8
hefei_4155.jpg,5981,5981.8,0.8
hefei_4222.jpg,2370.8,2370,0.8
hefei_3264.jpg,9593.9,9593,0.9
hefei_3720.jpg,7257,7257.9,0.9
hefei_3861.jpg,6756.9,6756,0.9
hefei_4094.jpg,6356.9,6356,0.9
hefei_3372.jpg,3796.9,3796,0.9
hefei_4225.jpg,3078,3078.9,0.9
hefei_4362.jpg,2290.9,2290,0.9
hefei_3280.jpg,3219,3218,1
hefei_4431.jpg,10208,10206.8,1.2
hefei_4475.jpg,3554.5,3552.8,1.7
hefei_3236.jpg,3902.5,3904.5,2
hefei_3728.jpg,6026,6024,2
hefei_4198.jpg,5954.8,5957,2.2
hefei_4095.jpg,1011.7,1014,2.3
hefei_4121.jpg,2939.4,2936.9,2.5
hefei_3567.jpg,6114.8,6112,2.8
hefei_4086.jpg,12400.3,12403.3,3
hefei_4117.jpg,3234,3237,3
hefei_3784.jpg,178.6,174.3,4.3
hefei_4219.jpg,4057.1,4052.1,5
hefei_3866.jpg,13836,13830,6
hefei_3944.jpg,5760.1,5766.4,6.3
hefei_3757.jpg,14308,14300,8
hefei_3262.jpg,7227.9,7217.9,10
hefei_3419.jpg,9693.3,9704.3,11
hefei_3767.jpg,17930.2,17950.5,20.3
hefei_3775.jpg,9688,9666.4,21.6
hefei_3660.jpg,3342.4,3372,29.6
hefei_3673.jpg,1647.9,1677.6,29.7
hefei_3950.jpg,7545.5,7575.5,30
hefei_3816.jpg,5943.1,5975,31.9
hefei_3930.jpg,29,68.9,39.9
hefei_3503.jpg,2083.2,2034.5,48.7
hefei_3945.jpg,935,1001,66
hefei_3434.jpg,6065.1,6205,139.9
hefei_3338.jpg,10185.4,10000,185.4
hefei_4018.jpg,8367.7,8567,199.3
hefei_3756.jpg,7367.7,7567.1,199.4
hefei_3797.jpg,9751.1,10005,253.9
hefei_4118.jpg,3302.8,3602.8,300
hefei_3397.jpg,7453.6,7153,300.6
hefei_3792.jpg,7249.9,7649.4,399.5
hefei_3743.jpg,10470.7,10010,460.7
hefei_3463.jpg,2200.1,2700.1,500
hefei_3358.jpg,10712.2,10008.1,704.1
hefei_3860.jpg,10803.4,10010,793.4
hefei_4390.jpg,10942.7,10000.1,942.6
hefei_3777.jpg,11014.5,10010,1004.5
hefei_4138.jpg,8943.6,10010,1066.4
hefei_3609.jpg,11078.6,10010,1068.6
hefei_3515.jpg,14325.1,13254,1071.1
hefei_3768.jpg,4567.7,5673,1105.3
hefei_3540.jpg,11113.3,9999.9,1113.4
hefei_3805.jpg,11246.4,10010,1236.4
hefei_4194.jpg,8741.3,10010,1268.7
hefei_4111.jpg,8463.3,10000,1536.7
hefei_3628.jpg,11576.3,10000,1576.3
hefei_3849.jpg,8342.4,10000.1,1657.7
hefei_4133.jpg,2359.9,686,1673.9
hefei_3697.jpg,4480.3,2666.8,1813.5
hefei_3884.jpg,8109.3,10010,1900.7
hefei_3312.jpg,9694,7696,1998
hefei_3689.jpg,8009.9,10010,2000.1
hefei_3695.jpg,7995.4,10010,2014.6
hefei_3266.jpg,12045.9,10010,2035.9
hefei_3521.jpg,2307.5,205,2102.5
hefei_3406.jpg,7748.7,10000,2251.3
hefei_4415.jpg,7740.6,10000,2259.4
hefei_3964.jpg,7739.3,10010,2270.7
hefei_3440.jpg,12289.9,10010,2279.9
hefei_3898.jpg,7727.5,10010,2282.5
hefei_3533.jpg,12343.1,10000,2343.1
hefei_4509.jpg,7630,10000,2370
hefei_4183.jpg,7520.1,10010,2489.9
hefei_4114.jpg,7505.6,10010,2504.4
hefei_3808.jpg,7490.2,10000,2509.8
hefei_3302.jpg,7470.5,10010,2539.5
hefei_3716.jpg,7468.1,10010,2541.9
hefei_4386.jpg,7446.3,10000,2553.7
hefei_3436.jpg,7389.9,10010,2620.1
hefei_4150.jpg,7389.9,10010,2620.1
hefei_4230.jpg,7389,10010,2621
hefei_3401.jpg,7378.6,10000.1,2621.5
hefei_4090.jpg,2882.4,205,2677.4
hefei_4171.jpg,3208.9,515.6,2693.3
hefei_3990.jpg,7294.8,10010,2715.2
hefei_3906.jpg,7225.7,10010,2784.3
hefei_3910.jpg,7212.9,10000,2787.1
hefei_3569.jpg,7195,10000,2805
hefei_3636.jpg,7204.2,10010,2805.8
hefei_3703.jpg,7163.9,10010,2846.1
hefei_3250.jpg,7151.1,10010,2858.9
hefei_3659.jpg,7144.1,10010,2865.9
hefei_3755.jpg,7129.9,10010,2880.1
hefei_3512.jpg,7124.7,10010,2885.3
hefei_3732.jpg,7097.6,10000,2902.4
hefei_3525.jpg,7101.9,10010,2908.1
hefei_3711.jpg,7099.9,10010,2910.1
hefei_3639.jpg,7041.1,10010,2968.9
hefei_4271.jpg,14746.7,11774.7,2972
hefei_4127.jpg,5999.6,9007,3007.4
hefei_3621.jpg,15220.9,12209,3011.9
hefei_3793.jpg,6957.1,10000,3042.9
hefei_4089.jpg,4056.8,1000.5,3056.3
hefei_3791.jpg,6868.3,9999.9,3131.6
hefei_4070.jpg,6870.1,10010,3139.9
hefei_3305.jpg,6847.8,10000,3152.2
hefei_3553.jpg,6856.4,10010,3153.6
hefei_3395.jpg,6841.3,10000,3158.7
hefei_3917.jpg,6840.1,10010,3169.9
hefei_3869.jpg,6812.7,10000,3187.3
hefei_3916.jpg,6780.3,10010,3229.7
hefei_3715.jpg,4085.3,853,3232.3
hefei_3713.jpg,6773.9,10010,3236.1
hefei_3852.jpg,6748.4,10010,3261.6
hefei_3823.jpg,6727.1,10010,3282.9
hefei_3504.jpg,6711.5,10000,3288.5
hefei_3625.jpg,6682,10010,3328
hefei_3832.jpg,6668.4,10010,3341.6
hefei_3803.jpg,6647.8,10010,3362.2
hefei_3456.jpg,6587.8,10000.1,3412.3
hefei_3517.jpg,4129.9,686,3443.9
hefei_4282.jpg,6492,10000,3508
hefei_3591.jpg,6441.6,10010,3568.4
hefei_3892.jpg,6435.9,10010,3574.1
hefei_3369.jpg,6405.8,10010,3604.2
hefei_3475.jpg,3945.7,287,3658.7
hefei_3946.jpg,6328.1,10010,3681.9
hefei_3668.jpg,6230.1,10000,3769.9
hefei_3795.jpg,3877,56,3821
hefei_3724.jpg,6380.3,10205,3824.7
hefei_4286.jpg,4519.2,666.1,3853.1
hefei_3681.jpg,6154.3,10010,3855.7
hefei_3988.jpg,6119.6,10010,3890.4
hefei_4479.jpg,6109.1,10010,3900.9
hefei_3414.jpg,6107.3,10010,3902.7
hefei_3881.jpg,6101.9,10010,3908.1
hefei_4000.jpg,6093.1,10010,3916.9
hefei_4453.jpg,13940,10010,3930
hefei_4170.jpg,6071.4,10010,3938.6
hefei_3403.jpg,6065,10010,3945
hefei_3685.jpg,6048.1,10000,3951.9
hefei_3769.jpg,6043,10010,3967
hefei_4368.jpg,4649.8,666,3983.8
hefei_3948.jpg,6015.3,10010,3994.7
hefei_3516.jpg,6013.1,10010,3996.9
hefei_4073.jpg,6168.2,2168.1,4000.1
hefei_4210.jpg,6002.6,10010,4007.4
hefei_3908.jpg,5967.5,10010,4042.5
hefei_3272.jpg,5959.9,10010,4050.1
hefei_4440.jpg,6592.6,10659.2,4066.6
hefei_3330.jpg,5918.5,10010,4091.5
hefei_4260.jpg,14121.1,10010,4111.1
hefei_4416.jpg,5892.6,10010,4117.4
hefei_3972.jpg,5883.2,10010,4126.8
hefei_3234.jpg,14151.4,9999.9,4151.5
hefei_4077.jpg,5846.5,10010,4163.5
hefei_4238.jpg,14230.1,10040,4190.1
hefei_3547.jpg,5802.9,9999.9,4197
hefei_4469.jpg,7746.2,12008,4261.8
hefei_4167.jpg,5739.1,10010,4270.9
hefei_3496.jpg,14315,9999.9,4315.1
hefei_3752.jpg,6207.1,10600.2,4393.1
hefei_4093.jpg,5541.1,10010,4468.9
hefei_3309.jpg,2350.8,6867,4516.2
hefei_4129.jpg,5447.3,10010,4562.7
hefei_3548.jpg,5474.6,10060,4585.4
hefei_3671.jpg,5300.8,10000,4699.2
hefei_3753.jpg,14719.8,10010,4709.8
hefei_3957.jpg,5172.9,10010,4837.1
hefei_3490.jpg,17161.4,22052,4890.6
hefei_3393.jpg,4909.8,9999.9,5090.1
hefei_3340.jpg,15114.2,10010,5104.2
hefei_3587.jpg,15112.5,10000,5112.5
hefei_3240.jpg,4820,10000,5180
hefei_3764.jpg,6455.7,1001,5454.7
hefei_3541.jpg,4537.2,10000,5462.8
hefei_3536.jpg,6145.1,666,5479.1
hefei_3248.jpg,4448.4,10010,5561.6
hefei_4267.jpg,6443.3,12008,5564.7
hefei_3857.jpg,15849.1,9999.9,5849.2
hefei_4432.jpg,4011.1,10000,5988.9
hefei_3474.jpg,3970.9,10010,6039.1
hefei_3889.jpg,3964.5,10010,6045.5
hefei_4408.jpg,38316.2,32200.5,6115.7
hefei_3296.jpg,3795.2,10010,6214.8
hefei_3301.jpg,10914.7,17160.1,6245.4
hefei_4173.jpg,3748.3,10010,6261.7
hefei_3585.jpg,4419.9,10686.5,6266.6
hefei_4315.jpg,3700,9999.9,6299.9
hefei_4459.jpg,3684,10010,6326
hefei_3222.jpg,3673.1,9999.9,6326.8
hefei_4472.jpg,3647.3,10010,6362.7
hefei_3564.jpg,3571.4,10000.1,6428.7
hefei_3986.jpg,3573.2,10101,6527.8
hefei_3451.jpg,3471.5,10000,6528.5
hefei_3212.jpg,3467.4,10006,6538.6
hefei_3245.jpg,3410.4,10000,6589.6
hefei_3466.jpg,3410.6,10010,6599.4
hefei_4233.jpg,6806.6,206.6,6600
hefei_3904.jpg,7637.5,1001,6636.5
hefei_4451.jpg,3364.9,10010,6645.1
hefei_3938.jpg,3310.6,10000,6689.4
hefei_4051.jpg,3292.1,10000,6707.9
hefei_3527.jpg,3311,10101,6790
hefei_4355.jpg,3203,10010,6807
hefei_3313.jpg,9949.7,16766,6816.3
hefei_3216.jpg,3184.9,10010,6825.1
hefei_4284.jpg,3106.8,10000,6893.2
hefei_4468.jpg,3110.8,10010,6899.2
hefei_3842.jpg,7006.7,78.7,6928
hefei_3709.jpg,3062.6,10000,6937.4
hefei_4374.jpg,3061.8,9999.9,6938.1
hefei_4020.jpg,3068.8,10010,6941.2
hefei_4024.jpg,3021.7,9999.9,6978.2
hefei_4344.jpg,3342.6,10334.2,6991.6
hefei_4347.jpg,3074.5,10101,7026.5
hefei_4304.jpg,3235.3,10325.1,7089.8
hefei_3464.jpg,7694.7,566.6,7128.1
hefei_4310.jpg,2846.2,10000,7153.8
hefei_3941.jpg,2702.6,10010,7307.4
hefei_4274.jpg,2618.5,9999.9,7381.4
hefei_3455.jpg,2606.7,10000,7393.3
hefei_3801.jpg,2487.6,10010,7522.4
hefei_4065.jpg,2438.2,10010,7571.8
hefei_3973.jpg,2420,9999.9,7579.9
hefei_4372.jpg,2407.2,10010,7602.8
hefei_3560.jpg,17642.1,10000,7642.1
hefei_4175.jpg,2508.5,10260.5,7752
hefei_4223.jpg,2246.7,10010,7763.3
hefei_4484.jpg,2204.2,9999.9,7795.7
hefei_3865.jpg,2139.9,9999.9,7860
hefei_3748.jpg,2030.8,10010,7979.2
hefei_3203.jpg,1923,9999.9,8076.9
hefei_3600.jpg,2116.3,10211,8094.7
hefei_4258.jpg,1800,10010,8210
hefei_3960.jpg,916.5,9165,8248.5
hefei_4143.jpg,1760.2,10010,8249.8
hefei_4028.jpg,1730.2,10010,8279.8
hefei_4242.jpg,1697.8,10000,8302.2
hefei_3647.jpg,1666.6,9999.9,8333.3
hefei_4378.jpg,1641,10000,8359
hefei_4435.jpg,1621.6,10000,8378.4
hefei_4375.jpg,1520.8,10000,8479.2
hefei_4083.jpg,1491.6,10000,8508.4
hefei_4187.jpg,1434.7,10000,8565.3
hefei_3273.jpg,974.9,10000,9025.1
hefei_3737.jpg,701.9,10010,9308.1
hefei_3261.jpg,1057,10578,9521
hefei_3868.jpg,9806.4,205,9601.4
hefei_4464.jpg,1476.6,11161,9684.4
hefei_3368.jpg,247.2,10000,9752.8
hefei_3226.jpg,208.4,10000,9791.6
hefei_3213.jpg,82.7,10000,9917.3
hefei_3921.jpg,6042.3,16012,9969.7
hefei_3637.jpg,0.4,10000,9999.6
hefei_4283.jpg,0.3,10000.1,9999.8
hefei_3389.jpg,0,10000,10000
hefei_3384.jpg,12275.8,22754,10478.2
hefei_3759.jpg,4107.8,15525.6,11417.8
hefei_4049.jpg,6948.4,18769.4,11821
hefei_3292.jpg,4849.9,16678,11828.1
hefei_3736.jpg,18013.1,30020.5,12007.4
hefei_3356.jpg,9137.9,21200.8,12062.9
hefei_3230.jpg,12635.2,566.6,12068.6
hefei_3962.jpg,12706,205,12501
hefei_4255.jpg,7184.6,20131,12946.4
hefei_3970.jpg,14104.4,1001,13103.4
hefei_4302.jpg,6905,20136,13231
hefei_3365.jpg,3950,17215,13265
hefei_3199.jpg,7903.2,21200.8,13297.6
hefei_3858.jpg,14022.7,257,13765.7
hefei_3811.jpg,3215.4,17215,13999.6
hefei_3320.jpg,15001.7,1000,14001.7
hefei_3376.jpg,24021.1,10000,14021.1
hefei_3853.jpg,24163.2,10000,14163.2
hefei_3561.jpg,24398.8,10000,14398.8
hefei_4055.jpg,7111,21532.1,14421.1
hefei_4211.jpg,2388.8,17315,14926.2
hefei_4163.jpg,6978.3,22025,15046.7
hefei_4199.jpg,6768.4,22025,15256.6
hefei_3655.jpg,11625,29186,17561
hefei_3700.jpg,2001.4,20014,18012.6
hefei_4489.jpg,2821.2,21030,18208.8
hefei_4324.jpg,6854,25110,18256
hefei_3876.jpg,2820.3,21200.8,18380.5
hefei_4513.jpg,29402.1,10000,19402.1
hefei_4382.jpg,29659.4,10010,19649.4
hefei_3909.jpg,12331.9,32001,19669.1
hefei_4335.jpg,11065,32120,21055
hefei_4316.jpg,9641,32001.1,22360.1
hefei_3913.jpg,2583,25830,23247
hefei_4314.jpg,2627.8,26274,23646.2
hefei_3427.jpg,5999.5,29992,23992.5
hefei_4497.jpg,2681.7,26819,24137.3
hefei_4280.jpg,6688.6,31656,24967.4
hefei_3528.jpg,6949.7,32001,25051.3
hefei_3920.jpg,6988.7,32120,25131.3
hefei_3719.jpg,6764.5,32001,25236.5
hefei_3366.jpg,5138,32120,26982
hefei_4217.jpg,2979.5,29984,27004.5
hefei_4318.jpg,4116.7,32000,27883.3
hefei_3557.jpg,3452.3,31525.6,28073.3
hefei_4350.jpg,38493.2,10000,28493.2
hefei_4501.jpg,3348.5,32007,28658.5
hefei_4504.jpg,3086.9,32000,28913.1
hefei_3708.jpg,42618.4,10010,32608.4
hefei_4025.jpg,43913.4,10000,33913.4
hefei_3599.jpg,50096.9,9999.9,40097
hefei_3704.jpg,56929.5,3026.1,53903.4
