filename,number
hefei_3188.jpg,9575.9
hefei_3190.jpg,19652
hefei_3191.jpg,2262.7
hefei_3192.jpg,5702
hefei_3194.jpg,2566
hefei_3195.jpg,7509.7
hefei_3196.jpg,272.3
hefei_3198.jpg,18304.5
hefei_3199.jpg,7903.2
hefei_3200.jpg,5981.5
hefei_3203.jpg,1923
hefei_3204.jpg,6763.5
hefei_3205.jpg,12545.8
hefei_3208.jpg,5598.5
hefei_3209.jpg,5546.7
hefei_3210.jpg,6402.1
hefei_3212.jpg,3467.4
hefei_3213.jpg,82.7
hefei_3214.jpg,11290.6
hefei_3216.jpg,3184.9
hefei_3217.jpg,6325.9
hefei_3218.jpg,9041.2
hefei_3220.jpg,10293.4
hefei_3221.jpg,4135.3
hefei_3222.jpg,3673.1
hefei_3224.jpg,34897.6
hefei_3225.jpg,12040.2
hefei_3226.jpg,208.4
hefei_3228.jpg,10720.4
hefei_3229.jpg,3073.9
hefei_3230.jpg,12635.2
hefei_3232.jpg,5030.2
hefei_3233.jpg,3158.3
hefei_3234.jpg,14151.4
hefei_3236.jpg,3902.5
hefei_3237.jpg,13346.2
hefei_3238.jpg,13486.6
hefei_3240.jpg,4820
hefei_3241.jpg,2041.1
hefei_3242.jpg,6396.3
hefei_3244.jpg,10815.5
hefei_3245.jpg,3410.4
hefei_3246.jpg,2782.1
hefei_3248.jpg,4448.4
hefei_3249.jpg,3149.6
hefei_3250.jpg,7151.1
hefei_3252.jpg,3497.6
hefei_3253.jpg,7614.4
hefei_3254.jpg,13000.6
hefei_3256.jpg,2333.9
hefei_3257.jpg,11496.3
hefei_3258.jpg,12991.8
hefei_3260.jpg,8610.6
hefei_3261.jpg,1057
hefei_3262.jpg,7227.9
hefei_3264.jpg,9593.9
hefei_3265.jpg,6075.8
hefei_3266.jpg,12045.9
hefei_3268.jpg,11168.9
hefei_3269.jpg,3631.9
hefei_3270.jpg,8454.4
hefei_3272.jpg,5959.9
hefei_3273.jpg,974.9
hefei_3274.jpg,6320.5
hefei_3276.jpg,7315.9
hefei_3277.jpg,12845.8
hefei_3278.jpg,6133.3
hefei_3280.jpg,3219
hefei_3281.jpg,18881.8
hefei_3282.jpg,4307.6
hefei_3284.jpg,12301.1
hefei_3285.jpg,6754.9
hefei_3288.jpg,7748.6
hefei_3289.jpg,13514.6
hefei_3290.jpg,5073.2
hefei_3292.jpg,4849.9
hefei_3293.jpg,1840.2
hefei_3294.jpg,9908.3
hefei_3296.jpg,3795.2
hefei_3297.jpg,7449.2
hefei_3298.jpg,32138.6
hefei_3300.jpg,10013.8
hefei_3301.jpg,10914.7
hefei_3302.jpg,7470.5
hefei_3304.jpg,3143.8
hefei_3305.jpg,6847.8
hefei_3306.jpg,6685.6
hefei_3308.jpg,9891.3
hefei_3309.jpg,2350.8
hefei_3310.jpg,6787.7
hefei_3312.jpg,9694
hefei_3313.jpg,9949.7
hefei_3314.jpg,2863.3
hefei_3316.jpg,7166.3
hefei_3317.jpg,21974.3
hefei_3318.jpg,9537.5
hefei_3320.jpg,15001.7
hefei_3321.jpg,3156.5
hefei_3322.jpg,14816.5
hefei_3324.jpg,2378.8
hefei_3325.jpg,6379.1
hefei_3326.jpg,3575.3
hefei_3328.jpg,8412.3
hefei_3329.jpg,5996.2
hefei_3330.jpg,5918.5
hefei_3332.jpg,13968.9
hefei_3333.jpg,7174.1
hefei_3334.jpg,7962.9
hefei_3336.jpg,10131.8
hefei_3337.jpg,4208.2
hefei_3338.jpg,10185.4
hefei_3340.jpg,15114.2
hefei_3341.jpg,7621.5
hefei_3342.jpg,5095.3
hefei_3344.jpg,2726.1
hefei_3345.jpg,3252.2
hefei_3346.jpg,9075.4
hefei_3348.jpg,6165.1
hefei_3349.jpg,2827.8
hefei_3350.jpg,3582
hefei_3352.jpg,5276.3
hefei_3353.jpg,8215.8
hefei_3354.jpg,19995.5
hefei_3356.jpg,9137.9
hefei_3357.jpg,19317.1
hefei_3358.jpg,10712.2
hefei_3360.jpg,7478.3
hefei_3361.jpg,6930.4
hefei_3362.jpg,6351.3
hefei_3364.jpg,2384.6
hefei_3365.jpg,3950
hefei_3366.jpg,5138
hefei_3368.jpg,247.2
hefei_3369.jpg,6405.8
hefei_3370.jpg,3327.2
hefei_3372.jpg,3796.9
hefei_3373.jpg,10278.2
hefei_3374.jpg,8344.9
hefei_3376.jpg,24021.1
hefei_3377.jpg,1170.3
hefei_3378.jpg,2653.2
hefei_3380.jpg,5912.7
hefei_3381.jpg,2721.9
hefei_3382.jpg,11540.9
hefei_3384.jpg,12275.8
hefei_3385.jpg,15517.7
hefei_3386.jpg,3184.1
hefei_3388.jpg,2040.3
hefei_3389.jpg,0
hefei_3390.jpg,5790.2
hefei_3393.jpg,4909.8
hefei_3394.jpg,8707.2
hefei_3395.jpg,6841.3
hefei_3397.jpg,7453.6
hefei_3398.jpg,8568.9
hefei_3399.jpg,2257.2
hefei_3401.jpg,7378.6
hefei_3402.jpg,6794.2
hefei_3403.jpg,6065
hefei_3406.jpg,7748.7
hefei_3407.jpg,7517.4
hefei_3408.jpg,7467.1
hefei_3410.jpg,2125.3
hefei_3411.jpg,2432.6
hefei_3412.jpg,9858.3
hefei_3414.jpg,6107.3
hefei_3415.jpg,2085.6
hefei_3416.jpg,10311.2
hefei_3418.jpg,21591.3
hefei_3419.jpg,9693.3
hefei_3420.jpg,7687.4
hefei_3422.jpg,7158.5
hefei_3423.jpg,8078.2
hefei_3424.jpg,8687.5
hefei_3426.jpg,20432.3
hefei_3427.jpg,5999.5
hefei_3428.jpg,2115.6
hefei_3430.jpg,120.6
hefei_3431.jpg,12110.9
hefei_3432.jpg,8615.6
hefei_3434.jpg,6065.1
hefei_3435.jpg,3256
hefei_3436.jpg,7389.9
hefei_3438.jpg,782.4
hefei_3439.jpg,1092.8
hefei_3440.jpg,12289.9
hefei_3442.jpg,2395.4
hefei_3443.jpg,8123.3
hefei_3444.jpg,2493.6
hefei_3446.jpg,8669.8
hefei_3447.jpg,6104.2
hefei_3448.jpg,3459.9
hefei_3450.jpg,12234.7
hefei_3451.jpg,3471.5
hefei_3452.jpg,11726.2
hefei_3454.jpg,18233.9
hefei_3455.jpg,2606.7
hefei_3456.jpg,6587.8
hefei_3458.jpg,5784.4
hefei_3459.jpg,11970.2
hefei_3460.jpg,5748.9
hefei_3462.jpg,2289.4
hefei_3463.jpg,2200.1
hefei_3464.jpg,7694.7
hefei_3466.jpg,3410.6
hefei_3467.jpg,2058.8
hefei_3468.jpg,8853.7
hefei_3470.jpg,8267.2
hefei_3471.jpg,2063.6
hefei_3472.jpg,1976.3
hefei_3474.jpg,3970.9
hefei_3475.jpg,3945.7
hefei_3476.jpg,10997.5
hefei_3478.jpg,3235.7
hefei_3479.jpg,4995.2
hefei_3480.jpg,7543.5
hefei_3482.jpg,9529.3
hefei_3483.jpg,3236.4
hefei_3484.jpg,3212.2
hefei_3486.jpg,12439.2
hefei_3487.jpg,7194.1
hefei_3488.jpg,2874.4
hefei_3490.jpg,17161.4
hefei_3491.jpg,3055.4
hefei_3492.jpg,2146.8
hefei_3495.jpg,7532.6
hefei_3496.jpg,14315
hefei_3497.jpg,6796.6
hefei_3499.jpg,3828
hefei_3500.jpg,6788.3
hefei_3501.jpg,18076.3
hefei_3503.jpg,2083.2
hefei_3504.jpg,6711.5
hefei_3505.jpg,5342.2
hefei_3507.jpg,7453
hefei_3508.jpg,2435.5
hefei_3509.jpg,6312
hefei_3511.jpg,5091.7
hefei_3512.jpg,7124.7
hefei_3513.jpg,6602.3
hefei_3515.jpg,14325.1
hefei_3516.jpg,6013.1
hefei_3517.jpg,4129.9
hefei_3519.jpg,7223.2
hefei_3520.jpg,3964.3
hefei_3521.jpg,2307.5
hefei_3523.jpg,12431.2
hefei_3524.jpg,11293.8
hefei_3525.jpg,7101.9
hefei_3527.jpg,3311
hefei_3528.jpg,6949.7
hefei_3529.jpg,2640.5
hefei_3531.jpg,731.3
hefei_3532.jpg,16123.4
hefei_3533.jpg,12343.1
hefei_3535.jpg,12384.3
hefei_3536.jpg,6145.1
hefei_3537.jpg,3578.3
hefei_3539.jpg,13993.5
hefei_3540.jpg,11113.3
hefei_3541.jpg,4537.2
hefei_3543.jpg,6933.7
hefei_3544.jpg,2993.7
hefei_3545.jpg,3358.2
hefei_3547.jpg,5802.9
hefei_3548.jpg,5474.6
hefei_3549.jpg,680.8
hefei_3551.jpg,12951.3
hefei_3552.jpg,6195.6
hefei_3553.jpg,6856.4
hefei_3555.jpg,2113.4
hefei_3556.jpg,2921.5
hefei_3557.jpg,3452.3
hefei_3559.jpg,11446.9
hefei_3560.jpg,17642.1
hefei_3561.jpg,24398.8
hefei_3563.jpg,13725.4
hefei_3564.jpg,3571.4
hefei_3565.jpg,8278.8
hefei_3567.jpg,6114.8
hefei_3568.jpg,2472.8
hefei_3569.jpg,7195
hefei_3571.jpg,23964.3
hefei_3572.jpg,703.9
hefei_3573.jpg,961.5
hefei_3575.jpg,8494.7
hefei_3576.jpg,14572.8
hefei_3577.jpg,808.5
hefei_3579.jpg,13888.7
hefei_3580.jpg,12067.2
hefei_3581.jpg,6287.3
hefei_3583.jpg,13807.6
hefei_3584.jpg,8708.2
hefei_3585.jpg,4419.9
hefei_3587.jpg,15112.5
hefei_3588.jpg,2626.7
hefei_3589.jpg,7426.6
hefei_3591.jpg,6441.6
hefei_3592.jpg,15072.8
hefei_3593.jpg,2957.6
hefei_3595.jpg,4973.8
hefei_3596.jpg,2160.8
hefei_3597.jpg,11668.6
hefei_3599.jpg,50096.9
hefei_3600.jpg,2116.3
hefei_3601.jpg,3265.8
hefei_3603.jpg,8127.8
hefei_3604.jpg,15237.6
hefei_3605.jpg,5721.5
hefei_3607.jpg,3337.4
hefei_3608.jpg,1813.4
hefei_3609.jpg,11078.6
hefei_3612.jpg,7508
hefei_3613.jpg,927.9
hefei_3615.jpg,17921
hefei_3616.jpg,9232
hefei_3617.jpg,3165.2
hefei_3619.jpg,6273.1
hefei_3620.jpg,14093.5
hefei_3621.jpg,15220.9
hefei_3623.jpg,8135.3
hefei_3624.jpg,14290.1
hefei_3625.jpg,6682
hefei_3627.jpg,9102.5
hefei_3628.jpg,11576.3
hefei_3629.jpg,6742.8
hefei_3631.jpg,6429.8
hefei_3632.jpg,14197.3
hefei_3633.jpg,608.4
hefei_3635.jpg,3646.8
hefei_3636.jpg,7204.2
hefei_3637.jpg,0.4
hefei_3639.jpg,7041.1
hefei_3640.jpg,14044.6
hefei_3641.jpg,3567.2
hefei_3643.jpg,2279.2
hefei_3644.jpg,2127.8
hefei_3645.jpg,6971.3
hefei_3647.jpg,1666.6
hefei_3648.jpg,7545.4
hefei_3649.jpg,6856.6
hefei_3651.jpg,8329.8
hefei_3652.jpg,3032.2
hefei_3653.jpg,6167.2
hefei_3655.jpg,11625
hefei_3656.jpg,2312.4
hefei_3657.jpg,2598.5
hefei_3659.jpg,7144.1
hefei_3660.jpg,3342.4
hefei_3661.jpg,8667.1
hefei_3663.jpg,3493.1
hefei_3664.jpg,939.2
hefei_3665.jpg,5827.1
hefei_3667.jpg,2592.7
hefei_3668.jpg,6230.1
hefei_3669.jpg,6835.8
hefei_3671.jpg,5300.8
hefei_3672.jpg,4846.6
hefei_3673.jpg,1647.9
hefei_3675.jpg,10812.8
hefei_3676.jpg,7450.2
hefei_3677.jpg,7688.4
hefei_3679.jpg,3586.1
hefei_3680.jpg,3229.2
hefei_3681.jpg,6154.3
hefei_3683.jpg,12863.3
hefei_3684.jpg,893.1
hefei_3685.jpg,6048.1
hefei_3687.jpg,11728.4
hefei_3688.jpg,6053.7
hefei_3689.jpg,8009.9
hefei_3691.jpg,14617.8
hefei_3692.jpg,3436.3
hefei_3693.jpg,12088.3
hefei_3695.jpg,7995.4
hefei_3696.jpg,15745.7
hefei_3697.jpg,4480.3
hefei_3699.jpg,2858.1
hefei_3700.jpg,2001.4
hefei_3701.jpg,5078.5
hefei_3703.jpg,7163.9
hefei_3704.jpg,56929.5
hefei_3705.jpg,6809.1
hefei_3707.jpg,7026.5
hefei_3708.jpg,42618.4
hefei_3709.jpg,3062.6
hefei_3711.jpg,7099.9
hefei_3712.jpg,7707
hefei_3713.jpg,6773.9
hefei_3715.jpg,4085.3
hefei_3716.jpg,7468.1
hefei_3717.jpg,19356.3
hefei_3719.jpg,6764.5
hefei_3720.jpg,7257
hefei_3721.jpg,3334.1
hefei_3723.jpg,8793.5
hefei_3724.jpg,6380.3
hefei_3725.jpg,5043.4
hefei_3727.jpg,10068.7
hefei_3728.jpg,6026
hefei_3729.jpg,14478.7
hefei_3731.jpg,12278.6
hefei_3732.jpg,7097.6
hefei_3733.jpg,11523
hefei_3735.jpg,6138
hefei_3736.jpg,18013.1
hefei_3737.jpg,701.9
hefei_3739.jpg,7309.2
hefei_3740.jpg,7410.5
hefei_3741.jpg,2513.5
hefei_3743.jpg,10470.7
hefei_3744.jpg,9431.3
hefei_3745.jpg,11569.2
hefei_3747.jpg,878.5
hefei_3748.jpg,2030.8
hefei_3749.jpg,7765.4
hefei_3751.jpg,6550.5
hefei_3752.jpg,6207.1
hefei_3753.jpg,14719.8
hefei_3755.jpg,7129.9
hefei_3756.jpg,7367.7
hefei_3757.jpg,14308
hefei_3759.jpg,4107.8
hefei_3760.jpg,26199.9
hefei_3761.jpg,3377.9
hefei_3763.jpg,15558.7
hefei_3764.jpg,6455.7
hefei_3765.jpg,7091.5
hefei_3767.jpg,17930.2
hefei_3768.jpg,4567.7
hefei_3769.jpg,6043
hefei_3771.jpg,3609.7
hefei_3772.jpg,3888.6
hefei_3773.jpg,5882.2
hefei_3775.jpg,9688
hefei_3776.jpg,6093.1
hefei_3777.jpg,11014.5
hefei_3779.jpg,13949.9
hefei_3780.jpg,33412.2
hefei_3781.jpg,12493.9
hefei_3783.jpg,6048.7
hefei_3784.jpg,178.6
hefei_3785.jpg,14355.8
hefei_3787.jpg,3552.6
hefei_3788.jpg,5347.2
hefei_3789.jpg,2335.6
hefei_3791.jpg,6868.3
hefei_3792.jpg,7249.9
hefei_3793.jpg,6957.1
hefei_3795.jpg,3877
hefei_3796.jpg,7212.4
hefei_3797.jpg,9751.1
hefei_3799.jpg,8249.8
hefei_3800.jpg,22746.4
hefei_3801.jpg,2487.6
hefei_3803.jpg,6647.8
hefei_3804.jpg,10301.6
hefei_3805.jpg,11246.4
hefei_3808.jpg,7490.2
hefei_3811.jpg,3215.4
hefei_3812.jpg,7735.5
hefei_3813.jpg,6226.5
hefei_3816.jpg,5943.1
hefei_3817.jpg,2909.9
hefei_3819.jpg,11626.9
hefei_3820.jpg,13899
hefei_3821.jpg,6536.9
hefei_3823.jpg,6727.1
hefei_3824.jpg,7163.3
hefei_3827.jpg,8435.6
hefei_3828.jpg,1817.8
hefei_3829.jpg,8841.6
hefei_3831.jpg,5719.8
hefei_3832.jpg,6668.4
hefei_3833.jpg,2062.6
hefei_3836.jpg,4858.2
hefei_3837.jpg,19032.6
hefei_3838.jpg,2300.9
hefei_3840.jpg,9703.7
hefei_3842.jpg,7006.7
hefei_3844.jpg,19415.3
hefei_3845.jpg,13633.3
hefei_3846.jpg,1973.6
hefei_3849.jpg,8342.4
hefei_3850.jpg,15139.1
hefei_3852.jpg,6748.4
hefei_3853.jpg,24163.2
hefei_3854.jpg,6639.7
hefei_3857.jpg,15849.1
hefei_3858.jpg,14022.7
hefei_3860.jpg,10803.4
hefei_3861.jpg,6756.9
hefei_3862.jpg,14308.6
hefei_3865.jpg,2139.9
hefei_3866.jpg,13836
hefei_3868.jpg,9806.4
hefei_3869.jpg,6812.7
hefei_3872.jpg,3204.4
hefei_3874.jpg,6985.2
hefei_3876.jpg,2820.3
hefei_3878.jpg,6095.6
hefei_3880.jpg,9602.3
hefei_3881.jpg,6101.9
hefei_3882.jpg,2866.6
hefei_3884.jpg,8109.3
hefei_3886.jpg,12355.4
hefei_3888.jpg,3243.1
hefei_3889.jpg,3964.5
hefei_3890.jpg,2168.2
hefei_3892.jpg,6435.9
hefei_3894.jpg,2381.8
hefei_3897.jpg,2610.7
hefei_3898.jpg,7727.5
hefei_3904.jpg,7637.5
hefei_3906.jpg,7225.7
hefei_3908.jpg,5967.5
hefei_3909.jpg,12331.9
hefei_3910.jpg,7212.9
hefei_3913.jpg,2583
hefei_3916.jpg,6780.3
hefei_3917.jpg,6840.1
hefei_3920.jpg,6988.7
hefei_3921.jpg,6042.3
hefei_3925.jpg,1414.9
hefei_3928.jpg,3396
hefei_3929.jpg,10321.2
hefei_3930.jpg,29
hefei_3933.jpg,7714.2
hefei_3936.jpg,11339.9
hefei_3937.jpg,5962
hefei_3938.jpg,3310.6
hefei_3940.jpg,7089.3
hefei_3941.jpg,2702.6
hefei_3942.jpg,8266.8
hefei_3944.jpg,5760.1
hefei_3945.jpg,935
hefei_3946.jpg,6328.1
hefei_3948.jpg,6015.3
hefei_3949.jpg,6484.2
hefei_3950.jpg,7545.5
hefei_3954.jpg,3421.6
hefei_3956.jpg,8169.2
hefei_3957.jpg,5172.9
hefei_3958.jpg,4460.3
hefei_3960.jpg,916.5
hefei_3961.jpg,20427.7
hefei_3962.jpg,12706
hefei_3964.jpg,7739.3
hefei_3965.jpg,3702.2
hefei_3968.jpg,3932.3
hefei_3970.jpg,14104.4
hefei_3972.jpg,5883.2
hefei_3973.jpg,2420
hefei_3974.jpg,5782.5
hefei_3977.jpg,11259.6
hefei_3982.jpg,3281.7
hefei_3986.jpg,3573.2
hefei_3988.jpg,6119.6
hefei_3989.jpg,2232.5
hefei_3990.jpg,7294.8
hefei_3996.jpg,11534.2
hefei_3998.jpg,2288.3
hefei_4000.jpg,6093.1
hefei_4002.jpg,3161.8
hefei_4004.jpg,6010.8
hefei_4005.jpg,4425.8
hefei_4009.jpg,592.6
hefei_4010.jpg,6480.4
hefei_4012.jpg,1620.9
hefei_4014.jpg,6003.7
hefei_4018.jpg,8367.7
hefei_4020.jpg,3068.8
hefei_4021.jpg,2569.6
hefei_4024.jpg,3021.7
hefei_4025.jpg,43913.4
hefei_4026.jpg,2859.7
hefei_4028.jpg,1730.2
hefei_4029.jpg,7326.3
hefei_4030.jpg,9334.9
hefei_4032.jpg,6345.2
hefei_4037.jpg,5869.1
hefei_4038.jpg,7817.9
hefei_4042.jpg,7462.2
hefei_4045.jpg,3421.8
hefei_4047.jpg,27521.7
hefei_4049.jpg,6948.4
hefei_4050.jpg,3657.7
hefei_4051.jpg,3292.1
hefei_4055.jpg,7111
hefei_4057.jpg,3335.5
hefei_4058.jpg,6015.8
hefei_4061.jpg,2181.6
hefei_4062.jpg,7827.2
hefei_4063.jpg,6826.6
hefei_4065.jpg,2438.2
hefei_4066.jpg,3158
hefei_4069.jpg,4363.8
hefei_4070.jpg,6870.1
hefei_4071.jpg,6191.7
hefei_4073.jpg,6168.2
hefei_4074.jpg,7180.4
hefei_4075.jpg,7786.5
hefei_4077.jpg,5846.5
hefei_4081.jpg,7568.4
hefei_4082.jpg,5158.2
hefei_4083.jpg,1491.6
hefei_4086.jpg,12400.3
hefei_4089.jpg,4056.8
hefei_4090.jpg,2882.4
hefei_4093.jpg,5541.1
hefei_4094.jpg,6356.9
hefei_4095.jpg,1011.7
hefei_4097.jpg,6021.7
hefei_4098.jpg,7120.5
hefei_4099.jpg,6058.3
hefei_4101.jpg,2565.2
hefei_4102.jpg,26225.6
hefei_4103.jpg,5289.6
hefei_4105.jpg,8582.4
hefei_4109.jpg,9362.1
hefei_4110.jpg,3330
hefei_4111.jpg,8463.3
hefei_4113.jpg,2555.7
hefei_4114.jpg,7505.6
hefei_4115.jpg,1971
hefei_4117.jpg,3234
hefei_4118.jpg,3302.8
hefei_4121.jpg,2939.4
hefei_4125.jpg,1758.6
hefei_4127.jpg,5999.6
hefei_4129.jpg,5447.3
hefei_4131.jpg,4666.6
hefei_4133.jpg,2359.9
hefei_4135.jpg,7764.3
hefei_4138.jpg,8943.6
hefei_4139.jpg,5109.5
hefei_4141.jpg,5522.6
hefei_4142.jpg,7849.9
hefei_4143.jpg,1760.2
hefei_4145.jpg,13351.9
hefei_4146.jpg,2368.2
hefei_4147.jpg,9409.2
hefei_4149.jpg,5965.1
hefei_4150.jpg,7389.9
hefei_4151.jpg,5127.3
hefei_4153.jpg,6733.6
hefei_4154.jpg,4314
hefei_4155.jpg,5981
hefei_4161.jpg,4393.6
hefei_4162.jpg,5811.7
hefei_4163.jpg,6978.3
hefei_4165.jpg,2609.2
hefei_4166.jpg,8805.3
hefei_4167.jpg,5739.1
hefei_4170.jpg,6071.4
hefei_4171.jpg,3208.9
hefei_4173.jpg,3748.3
hefei_4175.jpg,2508.5
hefei_4178.jpg,9728
hefei_4181.jpg,2144.2
hefei_4183.jpg,7520.1
hefei_4185.jpg,4086.1
hefei_4186.jpg,3705.2
hefei_4187.jpg,1434.7
hefei_4189.jpg,1308.5
hefei_4190.jpg,1247.6
hefei_4191.jpg,6833.6
hefei_4193.jpg,2675
hefei_4194.jpg,8741.3
hefei_4195.jpg,1832.5
hefei_4197.jpg,1715.3
hefei_4198.jpg,5954.8
hefei_4199.jpg,6768.4
hefei_4201.jpg,3469.3
hefei_4202.jpg,5943.1
hefei_4203.jpg,3412.1
hefei_4206.jpg,14558.3
hefei_4207.jpg,8420.3
hefei_4209.jpg,5887.5
hefei_4210.jpg,6002.6
hefei_4211.jpg,2388.8
hefei_4213.jpg,7785.8
hefei_4214.jpg,163.3
hefei_4215.jpg,8613.8
hefei_4217.jpg,2979.5
hefei_4218.jpg,15128.1
hefei_4219.jpg,4057.1
hefei_4221.jpg,3570.5
hefei_4222.jpg,2370.8
hefei_4223.jpg,2246.7
hefei_4225.jpg,3078
hefei_4226.jpg,4215
hefei_4227.jpg,6043.4
hefei_4230.jpg,7389
hefei_4231.jpg,9896.4
hefei_4233.jpg,6806.6
hefei_4234.jpg,5892.2
hefei_4237.jpg,10189.5
hefei_4238.jpg,14230.1
hefei_4241.jpg,6845.8
hefei_4242.jpg,1697.8
hefei_4245.jpg,6052.6
hefei_4251.jpg,2085.1
hefei_4255.jpg,7184.6
hefei_4256.jpg,4317.5
hefei_4258.jpg,1800
hefei_4260.jpg,14121.1
hefei_4262.jpg,10613
hefei_4263.jpg,6828.5
hefei_4266.jpg,11068.9
hefei_4267.jpg,6443.3
hefei_4270.jpg,1858.2
hefei_4271.jpg,14746.7
hefei_4274.jpg,2618.5
hefei_4275.jpg,18593.7
hefei_4276.jpg,8469.3
hefei_4279.jpg,3739.8
hefei_4280.jpg,6688.6
hefei_4282.jpg,6492
hefei_4283.jpg,0.3
hefei_4284.jpg,3106.8
hefei_4286.jpg,4519.2
hefei_4287.jpg,2570.8
hefei_4288.jpg,5552.9
hefei_4290.jpg,9427.8
hefei_4291.jpg,3502.2
hefei_4292.jpg,7119.5
hefei_4294.jpg,6218.3
hefei_4299.jpg,4468.3
hefei_4302.jpg,6905
hefei_4304.jpg,3235.3
hefei_4306.jpg,2570.8
hefei_4310.jpg,2846.2
hefei_4311.jpg,3953.7
hefei_4312.jpg,4211.6
hefei_4314.jpg,2627.8
hefei_4315.jpg,3700
hefei_4316.jpg,9641
hefei_4318.jpg,4116.7
hefei_4324.jpg,6854
hefei_4328.jpg,6285.6
hefei_4330.jpg,6428.3
hefei_4332.jpg,2807.1
hefei_4335.jpg,11065
hefei_4338.jpg,6896.2
hefei_4340.jpg,6148.2
hefei_4342.jpg,3461.6
hefei_4343.jpg,5135.3
hefei_4344.jpg,3342.6
hefei_4346.jpg,5622.1
hefei_4347.jpg,3074.5
hefei_4350.jpg,38493.2
hefei_4351.jpg,3277.2
hefei_4352.jpg,9832.5
hefei_4354.jpg,1274.5
hefei_4355.jpg,3203
hefei_4359.jpg,3197.7
hefei_4360.jpg,1530.8
hefei_4362.jpg,2290.9
hefei_4363.jpg,10335.1
hefei_4366.jpg,10876.1
hefei_4367.jpg,10139.5
hefei_4368.jpg,4649.8
hefei_4372.jpg,2407.2
hefei_4374.jpg,3061.8
hefei_4375.jpg,1520.8
hefei_4378.jpg,1641
hefei_4380.jpg,6380.8
hefei_4382.jpg,29659.4
hefei_4383.jpg,8422.5
hefei_4384.jpg,3234.3
hefei_4386.jpg,7446.3
hefei_4387.jpg,6708.3
hefei_4390.jpg,10942.7
hefei_4391.jpg,2961.7
hefei_4394.jpg,14852.3
hefei_4395.jpg,2381.1
hefei_4396.jpg,5457.5
hefei_4398.jpg,3282.4
hefei_4399.jpg,2646.2
hefei_4400.jpg,2551.6
hefei_4403.jpg,2425.3
hefei_4404.jpg,4595.2
hefei_4408.jpg,38316.2
hefei_4413.jpg,1704.7
hefei_4415.jpg,7740.6
hefei_4416.jpg,5892.6
hefei_4419.jpg,1684.5
hefei_4420.jpg,5988.1
hefei_4423.jpg,7793.9
hefei_4427.jpg,2516.3
hefei_4429.jpg,7602.1
hefei_4431.jpg,10208
hefei_4432.jpg,4011.1
hefei_4433.jpg,6429.8
hefei_4435.jpg,1621.6
hefei_4437.jpg,5812.8
hefei_4440.jpg,6592.6
hefei_4441.jpg,3155.1
hefei_4447.jpg,6022.9
hefei_4451.jpg,3364.9
hefei_4452.jpg,2170.2
hefei_4453.jpg,13940
hefei_4455.jpg,1912.5
hefei_4457.jpg,7490.3
hefei_4459.jpg,3684
hefei_4464.jpg,1476.6
hefei_4465.jpg,3398.4
hefei_4468.jpg,3110.8
hefei_4469.jpg,7746.2
hefei_4471.jpg,8353
hefei_4472.jpg,3647.3
hefei_4473.jpg,2179.5
hefei_4475.jpg,3554.5
hefei_4476.jpg,6761.3
hefei_4477.jpg,2852.4
hefei_4479.jpg,6109.1
hefei_4483.jpg,2993.2
hefei_4484.jpg,2204.2
hefei_4485.jpg,2945.5
hefei_4488.jpg,16685.8
hefei_4489.jpg,2821.2
hefei_4491.jpg,3895.6
hefei_4492.jpg,4323.7
hefei_4493.jpg,5172.4
hefei_4495.jpg,3402.2
hefei_4496.jpg,2407.1
hefei_4497.jpg,2681.7
hefei_4501.jpg,3348.5
hefei_4503.jpg,6693.1
hefei_4504.jpg,3086.9
hefei_4505.jpg,3898.8
hefei_4508.jpg,20618
hefei_4509.jpg,7630
hefei_4513.jpg,29402.1
hefei_4515.jpg,3230.7
hefei_4516.jpg,2961.3
hefei_4524.jpg,4219.1
hefei_4528.jpg,4044.4
hefei_4529.jpg,5367.8
